checkpoint,step,algo,return_mean,return_std,episode_length_mean,episode_length_std,terminated_rate,truncated_rate,final_x_mean,final_x_std,final_forward_velocity_mean,final_forward_velocity_std,final_torso_height_mean,final_torso_height_std,final_abs_torso_angle_mean,final_abs_torso_angle_std,final_healthy_rate,reward_forward_sum_mean,reward_survive_sum_mean,reward_ctrl_sum_mean,height_pen_sum_mean,angle_pen_sum_mean,smooth_pen_sum_mean,alive_bonus_sum_mean
sac_walker2d_step100000.pt,100000,sac,348.9124450683594,204.56698608398438,269.3999938964844,100.12712860107422,1.0,0.0,0.19277715682983398,0.7479771971702576,-0.4208165109157562,1.6421972513198853,0.9202458262443542,0.1310586929321289,0.8332393765449524,0.30385446548461914,0.0,0.0,0.0,0.0,1.3218879699707031,0.5747652649879456,0.0,53.68000411987305
sac_walker2d_step200000.pt,200000,sac,103.39540100097656,239.47593688964844,107.19999694824219,208.45086669921875,0.949999988079071,0.05000000074505806,-0.09901884198188782,0.16177822649478912,-0.2732192873954773,0.4245763123035431,1.1047066450119019,0.060468558222055435,1.0122367143630981,0.05516276881098747,0.05000000074505806,0.0,0.0,0.0,6.852267265319824,1.6655210256576538,0.0,21.239999771118164
sac_walker2d_step300000.pt,300000,sac,39.86573791503906,49.67970275878906,50.20000076293945,40.802696228027344,1.0,0.0,-0.12169475853443146,0.09982472658157349,-0.6506475806236267,0.8719549179077148,1.0138347148895264,0.13989587128162384,1.000486135482788,0.19316940009593964,0.0,0.0,0.0,0.0,0.4608996510505676,0.3453390896320343,0.0,9.84000015258789
