checkpoint,step,algo,return_mean,return_std,episode_length_mean,episode_length_std,terminated_rate,truncated_rate,final_x_mean,final_x_std,final_forward_velocity_mean,final_forward_velocity_std,final_torso_height_mean,final_torso_height_std,final_abs_torso_angle_mean,final_abs_torso_angle_std,final_healthy_rate,reward_forward_sum_mean,reward_survive_sum_mean,reward_ctrl_sum_mean,height_pen_sum_mean,angle_pen_sum_mean,smooth_pen_sum_mean,alive_bonus_sum_mean
ppo_walker2d_step100000.pt,100000,ppo,267.66546630859375,173.4418182373047,255.6999969482422,51.881690979003906,1.0,0.0,-0.22968116402626038,0.9064701795578003,-0.6483018398284912,2.0818393230438232,0.7908586859703064,0.005826225969940424,0.8806906938552856,0.01957557164132595,0.0,0.0,0.0,0.0,2.641369342803955,0.28241270780563354,0.0,50.94000244140625
ppo_walker2d_step200000.pt,200000,ppo,507.5364685058594,137.99288940429688,275.04998779296875,59.917842864990234,1.0,0.0,1.2212450504302979,0.7046756744384766,1.9294214248657227,1.3954880237579346,0.7888474464416504,0.006453647743910551,0.9202410578727722,0.021555563434958458,0.0,0.0,0.0,0.0,2.05666446685791,0.9568320512771606,0.0,54.80999755859375
ppo_walker2d_step300000.pt,300000,ppo,653.099609375,18.30255889892578,330.04998779296875,10.552132606506348,1.0,0.0,1.7605674266815186,0.06581217795610428,2.997570037841797,0.15641795098781586,0.7887024879455566,0.006600049324333668,0.9179003834724426,0.010446527972817421,0.0,0.0,0.0,0.0,1.998844861984253,0.30312639474868774,0.0,65.80999755859375
ppo_walker2d_step400000.pt,400000,ppo,482.7156677246094,53.116355895996094,245.39999389648438,28.26906394958496,1.0,0.0,1.3076711893081665,0.17504185438156128,2.5326128005981445,0.16057215631008148,0.7959626913070679,0.02074534259736538,0.9192635416984558,0.020394913852214813,0.0,0.0,0.0,0.0,2.1308767795562744,0.35170942544937134,0.0,48.8800048828125
ppo_walker2d_step500000.pt,500000,ppo,495.57159423828125,41.91474151611328,165.25,9.838064193725586,1.0,0.0,2.149860143661499,0.21960194408893585,3.4120516777038574,0.3252706229686737,0.790752649307251,0.00801490992307663,0.9287725687026978,0.041860807687044144,0.0,0.0,0.0,0.0,1.5588644742965698,0.4123910069465637,0.0,32.85000228881836
