checkpoint,step,algo,return_mean,return_std,episode_length_mean,episode_length_std,terminated_rate,truncated_rate,final_x_mean,final_x_std,final_forward_velocity_mean,final_forward_velocity_std,final_torso_height_mean,final_torso_height_std,final_abs_torso_angle_mean,final_abs_torso_angle_std,final_healthy_rate,reward_forward_sum_mean,reward_survive_sum_mean,reward_ctrl_sum_mean,height_pen_sum_mean,angle_pen_sum_mean,smooth_pen_sum_mean,alive_bonus_sum_mean
sac_walker2d_step100000.pt,100000,sac,578.8944091796875,395.2608642578125,469.8500061035156,287.65313720703125,0.8500000238418579,0.15000000596046448,-0.04120703414082527,0.9993537664413452,-0.12092121690511703,2.3964602947235107,0.9124640226364136,0.1256425976753235,0.7589402198791504,0.3806905746459961,0.15000000596046448,-3.8389086723327637,586.25,-1.5821666717529297,1.457910180091858,0.47656136751174927,0.0,0.0
sac_walker2d_step200000.pt,200000,sac,546.343994140625,496.99310302734375,475.8999938964844,376.00531005859375,0.699999988079071,0.30000001192092896,-0.46798744797706604,0.6566219925880432,-1.0099358558654785,1.118869662284851,0.9663928747177124,0.15860286355018616,0.7486603856086731,0.37814241647720337,0.30000001192092896,-43.849571228027344,594.0,-2.0681326389312744,1.3305317163467407,0.40777429938316345,0.0,0.0
sac_walker2d_step300000.pt,300000,sac,77.23603820800781,38.154884338378906,104.5999984741211,32.43208312988281,1.0,0.0,-0.5402911901473999,0.3677482008934021,-1.2368226051330566,1.4823389053344727,0.9239472150802612,0.1260739266872406,0.9820787310600281,0.1635262370109558,0.0,-50.62803649902344,129.5,-0.44648417830467224,0.8512474894523621,0.3381773829460144,0.0,0.0
